"","ID","Description","setSize","enrichmentScore","NES","pvalue","p.adjust","qvalue","rank","leading_edge","core_enrichment"
"GO:0045071","GO:0045071","negative regulation of viral genome replication",55,0.843866413575019,2.04110031036165,1e-10,1.59933333333333e-07,1.51789473684211e-07,424,"tags=49%, list=3%, signal=48%","58185/100038882/20304/57444/231655/71586/236312/102639543/23962/623121/246727/98999/100040462/19106/100033459/226691/545384/20568/69550/246728/246730/23960/66141/15950/78781/80287/17002"
"GO:0051607","GO:0051607","defense response to virus",282,0.663614269260808,1.93414132706605,1e-10,1.59933333333333e-07,1.51789473684211e-07,946,"tags=30%, list=6%, signal=29%","58185/100038882/20304/15958/15945/17329/15959/15957/14469/54123/57444/231655/667373/71586/667370/58203/24110/236312/229898/102639543/23962/623121/276950/237886/107569/246727/434219/67775/20847/98999/14190/16145/100040462/19106/21939/20128/100033459/56045/80861/226691/244183/17472/18854/545384/17874/16168/16365/80285/69550/74568/246728/246730/23960/54396/12362/66141/434341/28185/15950/234311/16362/94094/78781/80287/66824/76681/16160/217069/214763/20846/319236/338467/384309/13204/78416/17454/27056/22670/56200/11810/213002/56208/16363/16193/66878/66700"
"GO:0009615","GO:0009615","response to virus",351,0.637129620872318,1.87501065645031,1e-10,1.59933333333333e-07,1.51789473684211e-07,1777,"tags=34%, list=11%, signal=31%","58185/100038882/20304/15958/15945/17329/15959/15957/14469/54123/57444/231655/667373/71586/667370/58203/24110/236312/229898/102639543/23962/623121/276950/237886/107569/246727/434219/67775/20847/98999/14190/16145/100040462/19106/21939/20128/100033459/56045/76933/80861/226691/244183/17472/18854/545384/17874/16168/16365/64685/80285/69550/74568/246728/246730/23960/54396/12362/66141/434341/28185/15950/234311/16362/94094/78781/381319/80287/66824/76681/16160/217069/67963/214763/20846/319236/338467/384309/13204/21803/78416/56048/17454/27056/22670/56200/12571/11810/98053/213002/18033/56208/16363/16193/66878/66700/12028/279572/109075/12524/56489/15251/16172/19166/246779/170743/16411/56480/70450/15980/215210/81897/56532/12051/67070/229900/12913/14265/94091/332579/20821/69192"
"GO:0048525","GO:0048525","negative regulation of viral process",76,0.779584622833439,1.98097332175701,4.92058270752896e-10,5.90223895768098e-07,5.60169494546586e-07,1849,"tags=54%, list=11%, signal=48%","58185/100038882/20304/57444/231655/71586/236312/102639543/23962/623121/246727/98999/20684/100040462/19106/100033459/226691/545384/20568/69550/246728/246730/23960/66141/15950/78781/80287/20846/17002/13001/213002/235047/75339/22221/74735/12642/218850/28036/94091/20821/84505"
"GO:0140241","GO:0140241","translation at synapse",48,-0.862333153333874,-2.24039058133237,9.91907533877274e-10,7.93195391257193e-07,7.52805612553173e-07,1291,"tags=81%, list=8%, signal=75%","319195/268449/19944/78294/20088/26451/269261/66480/20055/20044/19989/67097/68436/19951/22121/19941/27176/13629/67891/67186/27207/20042/267019/19896/19988/65019/19943/54217/67281/19981/27370/57808/67115/67671/54127/57294/19934/66489/19982"
"GO:0140242","GO:0140242","translation at postsynapse",48,-0.862333153333874,-2.24039058133237,9.91907533877274e-10,7.93195391257193e-07,7.52805612553173e-07,1291,"tags=81%, list=8%, signal=75%","319195/268449/19944/78294/20088/26451/269261/66480/20055/20044/19989/67097/68436/19951/22121/19941/27176/13629/67891/67186/27207/20042/267019/19896/19988/65019/19943/54217/67281/19981/27370/57808/67115/67671/54127/57294/19934/66489/19982"
"GO:0035456","GO:0035456","response to interferon-beta",69,0.784209929034975,1.96089997921009,1.39706857192098e-09,9.57590715439551e-07,9.08829870997016e-07,885,"tags=51%, list=5%, signal=48%","15959/15957/226695/14469/236312/102639543/15953/381308/623121/15951/55932/60440/327959/16145/100040462/100033459/226691/545384/16365/432555/69550/246730/23960/54396/66141/15950/16362/100702/20846/71701/100039796/216150/213002/620913/12334"
"GO:0140236","GO:0140236","translation at presynapse",47,-0.860989565440474,-2.22837428948518,2.13409570899088e-09,1.27992390146728e-06,1.21474974172297e-06,1291,"tags=83%, list=8%, signal=77%","100503670/319195/268449/19944/78294/20088/26451/269261/66480/20055/20044/19989/67097/68436/19951/22121/19941/27176/67891/67186/27207/20042/267019/19896/19988/65019/19943/54217/67281/19981/27370/57808/67115/67671/54127/57294/19934/66489/19982"
"GO:0035458","GO:0035458","cellular response to interferon-beta",61,0.789744819287326,1.9445209429891,1.80340454904276e-08,9.61415002923016e-06,9.12459424463037e-06,885,"tags=51%, list=5%, signal=48%","15959/15957/226695/14469/236312/102639543/15953/381308/623121/15951/55932/60440/16145/100040462/100033459/226691/545384/16365/432555/246730/23960/54396/15950/16362/100702/20846/71701/100039796/216150/620913/12334"
"GO:1903900","GO:1903900","regulation of viral life cycle",120,0.684541938326099,1.84053929906519,2.50065575695651e-08,1.19981463218774e-05,1.13871966364146e-05,1849,"tags=42%, list=11%, signal=37%","58185/100038882/20304/57444/231655/71586/236312/102639543/23962/623121/246727/434219/98999/100040462/19106/20128/100033459/226691/244183/545384/20568/69550/246728/246730/23960/66141/15950/330192/78781/80287/76681/217069/319236/17002/73158/13001/20853/213002/235047/75339/67846/214523/12642/218850/16650/229900/14265/94091/20821/84505"
"GO:0045088","GO:0045088","regulation of innate immune response",444,0.54725650416245,1.63356955546894,4.54286132130327e-08,1.98151351087392e-05,1.88061416994813e-05,1920,"tags=33%, list=12%, signal=30%","58185/100038882/226695/14469/54123/231655/71586/58203/24110/236312/229898/102639543/381308/215900/623121/15951/246727/434219/55932/20847/98999/27007/16145/100040462/19106/20128/21354/100033459/56045/70110/74748/80861/327957/226691/244183/545384/60533/17874/83490/16365/54483/246746/64685/80285/246730/56619/23960/54396/12362/434341/26365/28185/15040/15950/67245/234311/16362/231712/22259/73945/78781/19419/66824/76681/80751/16160/217069/214763/319236/21355/107607/384309/14191/55992/547253/21803/11765/17002/11845/12928/12363/12370/17164/19016/57783/93694/14289/20375/13057/15170/433693/20202/210808/17916/20963/14991/234779/56208/76438/16363/16784/212937/104709/19014/66878/12768/18712/108960/20779/211550/279572/12524/226421/102626/14479/56489/257632/11798/231798/71268/26904/68077/13482/67845/170743/81601/26987/56480/53610/108089/17969/81897/228136/18081/11692/67070/229900/12539/94091/207521/332579/20821/110651/171285/19697/100340/22324/19063"
"GO:0045069","GO:0045069","regulation of viral genome replication",82,0.737497488140437,1.87607790591372,7.57307446015873e-08,3.0279676049868e-05,2.87378246619708e-05,758,"tags=37%, list=5%, signal=35%","58185/100038882/20304/57444/231655/71586/236312/102639543/23962/623121/246727/98999/100040462/19106/100033459/226691/545384/20568/69550/246728/246730/23960/66141/15950/78781/80287/17002/73158/20853/213002"
"GO:0031349","GO:0031349","positive regulation of defense response",482,0.523815297667287,1.57225987652205,2.56785519336583e-07,9.47736093674559e-05,8.99477049919076e-05,1920,"tags=30%, list=12%, signal=27%","58185/20304/226695/14469/54123/231655/71586/58203/236312/229898/102639543/381308/623121/15951/246727/434219/55932/98999/27007/16145/100040462/19106/20128/100033459/70110/14129/80861/327957/226691/244183/545384/60533/17874/83490/16365/54483/246746/64685/80285/12772/246730/12774/56619/23960/54396/12362/56312/434341/28185/15040/15950/67245/234311/16362/22259/73945/78781/19419/66824/76681/80751/16160/217069/16835/214763/319236/69146/107607/384309/55992/18413/21803/11765/17002/11845/12363/11690/17164/57783/14289/20375/13057/16170/433693/20202/210808/20963/21937/13202/14991/19225/234779/56208/268749/76438/16363/16784/16193/212937/19766/19014/66878/108960/20779/211550/279572/12524/226421/102626/14479/56489/257632/11798/231798/246707/16172/14127/71268/26904/68077/13482/71609/67845/170743/81601/56480/12608/53610/108089/81897/228136/18081/67070/229900/26410/94091/332579/110651/171285/19697/100340/22324/11541/19063"
"GO:0034341","GO:0034341","response to type II interferon",128,0.659489343614485,1.77934174942616,3.8937318976611e-07,0.000133443754606985,0.000126648753302872,2147,"tags=45%, list=13%, signal=40%","20304/14469/15018/229898/11898/13163/55932/20684/16145/236573/14528/12332/108670/16452/17472/16365/54483/80285/69550/20912/54396/12362/66141/434341/16362/22793/74732/100702/16160/20846/547253/55943/19016/14026/20874/22352/17913/53330/213002/66102/20909/19014/18712/69834/226421/626578/76074/11629/229900/12539/20821/12265/286940/22319/74117/19255/20911/22376"
"GO:0002181","GO:0002181","cytoplasmic translation",161,-0.578395381695912,-1.80972042214392,6.2132333819204e-07,0.000198740625109694,0.000188620684983773,1291,"tags=46%, list=8%, signal=43%","319195/56347/268449/14109/19944/78294/20068/20091/20088/26451/16785/269261/66480/20055/20044/75617/20054/19989/67097/20085/66475/68436/20102/19951/22121/68052/19941/13682/27176/27367/13629/67891/67186/20116/68135/27207/56040/19933/20042/67427/267019/114641/19896/19988/217869/22608/20104/65019/19943/54217/12785/67281/18458/19981/27370/57808/67115/67671/54127/20090/19946/67248/19934/68028/56726/75705/66481/67945/13669/69674/66489/19982/66244/231207"
"GO:0045089","GO:0045089","positive regulation of innate immune response",373,0.533825250226388,1.57439954457837,1.16750010583449e-06,0.000350104094237119,0.000332276674857896,1920,"tags=32%, list=12%, signal=29%","58185/226695/14469/54123/231655/71586/58203/236312/229898/102639543/381308/623121/15951/246727/434219/55932/98999/27007/16145/100040462/19106/20128/100033459/70110/80861/327957/226691/244183/545384/60533/17874/83490/16365/54483/246746/64685/80285/246730/56619/23960/54396/12362/434341/28185/15040/15950/67245/234311/16362/22259/73945/78781/19419/66824/76681/80751/16160/217069/214763/319236/107607/384309/55992/11765/17002/11845/12363/17164/57783/14289/20375/13057/433693/20202/210808/20963/14991/234779/56208/76438/16363/16784/212937/19014/66878/108960/20779/211550/279572/12524/226421/102626/14479/56489/257632/11798/231798/71268/26904/68077/13482/67845/170743/81601/56480/53610/108089/81897/228136/18081/67070/229900/94091/332579/110651/171285/19697/100340/22324/19063"
"GO:0002483","GO:0002483","antigen processing and presentation of endogenous peptide antigen",23,0.89272785245532,1.82081375231431,1.47761711072341e-06,0.000393867049847274,0.000373811205905818,740,"tags=52%, list=4%, signal=50%","15018/15039/21354/15015/21356/15040/15042/14964/21355/14972/14991/12010"
"GO:0019885","GO:0019885","antigen processing and presentation of endogenous peptide antigen via MHC class I",23,0.89272785245532,1.82081375231431,1.47761711072341e-06,0.000393867049847274,0.000373811205905818,740,"tags=52%, list=4%, signal=50%","15018/15039/21354/15015/21356/15040/15042/14964/21355/14972/14991/12010"
"GO:0050792","GO:0050792","regulation of viral process",149,0.631173738694033,1.72791610598675,2.73352951673114e-06,0.000624546410536954,0.000592744295206964,1849,"tags=38%, list=11%, signal=34%","58185/100038882/20304/57444/231655/71586/236312/102639543/23962/623121/246727/434219/98999/20684/100040462/19106/20128/100033459/226691/244183/545384/20568/69550/246728/246730/23960/66141/15950/330192/78781/80287/76681/217069/20846/319236/17002/73158/13001/20853/213002/235047/75339/67846/22221/74735/214523/12642/218850/16650/28036/229900/67231/14265/94091/20821/16543/84505"
"GO:0002218","GO:0002218","activation of innate immune response",306,0.550336086896076,1.60873361072184,2.63753252460199e-06,0.000624546410536954,0.000592744295206964,1828,"tags=33%, list=11%, signal=30%","58185/226695/14469/54123/231655/71586/58203/236312/229898/102639543/381308/623121/15951/246727/434219/55932/98999/27007/16145/100040462/19106/20128/100033459/70110/80861/327957/226691/244183/545384/60533/17874/83490/16365/54483/246746/64685/246730/56619/23960/54396/12362/28185/15950/67245/234311/16362/22259/73945/78781/66824/76681/80751/217069/214763/319236/107607/55992/17002/11845/12363/17164/57783/13057/20202/210808/20963/234779/56208/76438/16363/16784/212937/66878/108960/20779/211550/279572/12524/226421/102626/14479/56489/257632/11798/231798/71268/68077/67845/170743/56480/53610/108089/81897/228136/18081/67070/229900/94091/110651/171285/19697"
"GO:0002833","GO:0002833","positive regulation of response to biotic stimulus",396,0.525899465282841,1.5599269544387,2.475916135474e-06,0.000624546410536954,0.000592744295206964,1920,"tags=31%, list=12%, signal=28%","58185/226695/14469/54123/231655/71586/58203/236312/229898/102639543/381308/623121/15951/246727/434219/55932/98999/27007/16145/100040462/19106/20128/100033459/70110/80861/327957/226691/244183/17079/545384/60533/17874/83490/16365/54483/246746/64685/80285/246730/56619/23960/54396/12362/434341/28185/15040/15950/67245/234311/16362/22259/73945/78781/19419/66824/76681/80751/16160/217069/214763/319236/107607/384309/55992/11765/17002/11845/12363/22628/17164/57783/14289/20375/13057/433693/20202/210808/20963/14991/234779/56208/76438/16363/16784/212937/19014/66878/108960/105787/20779/211550/279572/12524/226421/102626/14479/56489/257632/11798/231798/246707/71268/26904/68077/13482/67845/170743/81601/56480/53610/108089/81897/228136/18081/67070/229900/94091/332579/110651/171285/19697/100340/22324/19063"
"GO:0045824","GO:0045824","negative regulation of innate immune response",93,0.680408029033815,1.77432181206683,4.42789884359389e-06,0.000965684484161977,0.00091651150226733,1883,"tags=45%, list=11%, signal=40%","100038882/24110/236312/102639543/623121/246727/20847/100040462/21354/100033459/56045/74748/80861/226691/545384/16365/64685/246730/23960/434341/26365/15040/15950/231712/21355/547253/21803/12928/19016/93694/15170/14991/12768/18712/14479/26904/26987/11692/207521/20821/171285/100340"
"GO:0140374","GO:0140374","antiviral innate immune response",54,0.751926582368602,1.81720675163202,5.12026640905675e-06,0.00102717226066407,0.000974868300307752,374,"tags=33%, list=2%, signal=33%","15958/15945/15959/231655/71586/667370/58203/24110/23962/246727/19106/80861/246728/246730/23960/217069/338467/13204"
"GO:0071346","GO:0071346","cellular response to type II interferon",107,0.659874768014876,1.7505267544847,5.13800213754432e-06,0.00102717226066407,0.000974868300307752,2147,"tags=47%, list=13%, signal=41%","20304/14469/15018/229898/11898/13163/55932/16145/236573/12332/108670/16452/17472/16365/80285/20912/54396/12362/434341/16362/22793/74732/100702/16160/20846/547253/55943/19016/14026/20874/22352/17913/53330/20909/19014/18712/69834/226421/626578/76074/11629/229900/12539/12265/286940/22319/74117/19255/20911/22376"
"GO:0019221","GO:0019221","cytokine-mediated signaling pathway",441,0.507759546414991,1.51714183356188,5.37345061433802e-06,0.00103127264190375,0.00097875988874216,2950,"tags=36%, list=18%, signal=30%","100038882/20304/15945/17329/54123/231655/71586/58203/24110/16181/23962/246727/60440/20847/16145/21939/56045/12703/16452/17874/16168/246746/80285/12772/18795/18733/246728/246730/12774/23960/54396/12362/66141/434341/26365/19229/64095/17948/16362/73945/14254/66824/12505/20308/16160/20846/12983/22029/16186/384309/18413/547253/16542/16169/57914/12363/17295/15163/106025/19016/21353/20375/13001/16170/27056/71966/15170/22030/20963/21937/16164/213002/20848/22234/110829/268749/16162/23991/16323/16193/19766/19014/69922/20305/16188/12768/21938/108960/216233/12984/20779/266692/211550/13448/226178/16923/16202/263876/56489/11798/15251/16172/14127/110809/71609/26987/56480/15980/16150/56715/24105/18201/67070/99311/12539/20852/16157/19697/22033/16190/56792/13601/15257/18726/19255/18983/12986/192656/12982/229700/66626/16195/52700/60504/12977/68713/13614/67296/17394/69082/67767/16180/19264/242700/18128/80985/12675/432940/14042/16194/231130/21934/16178/53416/338364/80876/245945/108737"
"GO:0019883","GO:0019883","antigen processing and presentation of endogenous antigen",25,0.868514240054763,1.81997876583645,6.04190784798335e-06,0.00107366940202312,0.00101899779143766,740,"tags=48%, list=4%, signal=46%","15018/15039/21354/15015/21356/15040/15042/14964/21355/14972/14991/12010"
"GO:0019079","GO:0019079","viral genome replication",114,0.652453208829207,1.74366487586839,5.94595366755741e-06,0.00107366940202312,0.00101899779143766,2785,"tags=47%, list=17%, signal=40%","58185/100038882/20304/57444/231655/71586/236312/102639543/23962/623121/246727/98999/100040462/19106/100033459/226691/545384/20568/69550/246728/246730/23960/66141/15950/78781/80287/17002/73158/20853/12454/213002/235047/75339/67846/218850/16650/110355/229900/67231/14265/84505/18983/21357/30960/226026/11793/109333/68713/19062/18128/13194/230738/23825/56491"
"GO:0098926","GO:0098926","postsynaptic signal transduction",54,0.746591879887248,1.80431419324351,7.60576729824674e-06,0.00130330255346385,0.00123693794482013,2083,"tags=30%, list=13%, signal=26%","100041546/110454/57248/16452/18795/50849/16438/17069/20848/109305/20866/11308/11750/19697/12929/18015"
"GO:0050777","GO:0050777","negative regulation of immune response",186,0.590724701272124,1.65887454237712,1.22045126236413e-05,0.0020192155713183,0.00191639642867049,2990,"tags=44%, list=18%, signal=36%","100038882/24110/236312/102639543/623121/246727/12515/20847/14190/100040462/21354/100033459/56045/74748/80861/226691/16854/545384/60533/16365/64685/12772/246730/23960/434341/26365/15040/15950/16362/231712/16160/21355/547253/21803/12928/14204/19016/93694/16952/20375/15170/237782/14991/12768/18712/19172/381305/12509/14479/257632/26904/26987/15284/11692/20852/207521/20821/171285/100340/16190/19255/12519/18983/14775/105855/67742/16859/11793/503610/11622/19264/22724/230738/218460/23825/14728/14130/16852/67027/73205/74841"
"GO:0002428","GO:0002428","antigen processing and presentation of peptide antigen via MHC class Ib",19,0.892311354313473,1.75227758087347,1.45227098355808e-05,0.00232266539303722,0.00220439448241131,740,"tags=53%, list=4%, signal=50%","15018/15039/15015/15040/15042/14964/21355/14972/14991/12010"
"GO:0002764","GO:0002764","immune response-regulating signaling pathway",478,0.491461913690321,1.47350078889445,1.6324225061928e-05,0.00252656876926228,0.00239791502947031,2829,"tags=37%, list=17%, signal=31%","58185/14469/54123/231655/71586/236312/229898/102639543/623121/246727/27007/16145/100040462/19106/21939/20128/100033459/70110/14129/230787/80861/327957/226691/16854/545384/60533/17874/83490/16365/54483/246746/64685/18733/246730/56619/23960/54396/12362/246256/26365/15950/67245/234311/16362/22259/73945/78781/66824/80751/217069/246177/214763/104418/107607/55992/240354/17002/11845/12363/17164/57783/14289/108723/13057/15170/20202/210808/20963/245126/19271/22350/20218/14991/57257/74039/22217/18033/234779/56208/268749/217305/76438/16363/16822/16784/212937/217715/224826/66878/12028/108960/20779/107321/381305/211550/279572/12524/226421/102626/17474/14479/257632/11798/231798/14127/71268/26904/13709/68077/67845/170743/56743/56480/14747/101476/108089/12988/109905/81897/56715/19164/24105/228136/18081/21682/67070/16409/94091/12047/52855/110651/14284/226422/171285/19697/224727/18176/100340/20662/22324/19063/195564/56792/224860/66220/12929/18726/19255/20869/71481/192656/21357/105855/15461/195046/70572/74015/72349/19695/503610/14360/19264/14131/109880/12488/12675/16396/432940/230738/11774/23825/231130/14728/142980/16534/208154"
"GO:0001819","GO:0001819","positive regulation of cytokine production",465,0.4925272390144,1.47581138973862,2.41243030666196e-05,0.00361713769105128,0.00343295181138804,1978,"tags=28%, list=12%, signal=25%","58185/100038882/20304/54123/71586/236312/229898/102639543/623121/246727/27007/100040462/19106/21939/100033459/14129/80861/327957/18950/226691/16452/545384/60533/17874/16168/54483/12655/12772/18795/246728/246730/12774/56619/23960/12362/15442/28185/15040/15950/67245/16362/13198/78781/19419/66824/16160/214763/20846/69146/107607/384309/14191/18413/217203/21803/21825/240354/57914/12363/12370/17164/21353/16952/108723/13057/16170/27056/433693/56200/22030/210808/20963/21937/245126/19271/14991/12010/19225/74039/20848/234779/16162/76438/66412/16193/19766/66878/667034/67512/68576/78317/22160/20779/18106/226421/56489/74131/257632/26420/11798/74143/15251/16172/14127/71268/246779/71609/11629/170743/17196/56480/12608/16650/81897/19164/12051/110355/214855/332579/67457/171285/19697/18176/52023/11541/16190/17085/19401"
"GO:0095500","GO:0095500","acetylcholine receptor signaling pathway",38,0.771909871222985,1.74594219118164,2.85607800121881e-05,0.00415256431813571,0.00394111433278232,1444,"tags=24%, list=9%, signal=22%","100041546/110454/57248/18795/16438/17069/109305/20866/11750"
"GO:0002832","GO:0002832","negative regulation of response to biotic stimulus",123,0.632514854002682,1.70584722114277,3.13720235572263e-05,0.00442714614786976,0.00420171436249415,965,"tags=33%, list=6%, signal=31%","100038882/24110/236312/102639543/623121/246727/20847/14190/16145/100040462/21354/100033459/56045/74748/80861/226691/545384/60533/16365/64685/246730/23960/54396/434341/26365/15040/15950/231712/21355/547253/21803/17002/12928/14204/19016/93694/15170/14991/12768/18712"
"GO:0002250","GO:0002250","adaptive immune response",413,0.496074590359737,1.4753080406021,5.0185205596601e-05,0.00687967475578548,0.00652935938077883,3178,"tags=35%, list=19%, signal=29%","58185/54123/20715/15018/20555/12515/27007/15039/14190/21939/21354/15015/14129/20556/18950/75345/16452/60533/17874/12772/18733/246256/26365/19229/15040/15042/13169/16362/74732/66824/12505/14964/16160/246177/21355/12983/17476/54644/21803/240354/57914/22628/27060/14204/238875/16952/14972/13383/15170/433693/20926/227525/22030/20963/245126/14991/12010/27354/57916/20848/107260/76438/69583/109305/16193/75234/20351/18034/21938/105787/12984/19698/381305/12524/18106/71890/17474/74131/257632/14102/74143/16172/14127/26904/246779/13482/75698/56743/70450/15284/12988/56532/12051/11513/21682/20852/214855/332579/14284/107823/171285/80898/94212/232210/16190/17085/107035/12519/22376/192656/21425/105855/15461/67742/18783/70238/66362/13026/14360/11622/19264/14131/22724/18128/14312/230738/26888/16194/14728/21934/14130/18173/208154/16852/17101/12261/232371/12628/12229/64930/52118/12014/17131/54721"
"GO:0002476","GO:0002476","antigen processing and presentation of endogenous peptide antigen via MHC class Ib",18,0.889420784131031,1.72394273628556,5.77215649719127e-05,0.00728810707197993,0.00691699418472284,727,"tags=50%, list=4%, signal=48%","15018/15039/15015/15040/15042/14964/21355/14972/14991"
"GO:0002484","GO:0002484","antigen processing and presentation of endogenous peptide antigen via MHC class I via ER pathway",18,0.889420784131031,1.72394273628556,5.77215649719127e-05,0.00728810707197993,0.00691699418472284,727,"tags=50%, list=4%, signal=48%","15018/15039/15015/15040/15042/14964/21355/14972/14991"
"GO:0002475","GO:0002475","antigen processing and presentation via MHC class Ib",22,0.846729286572834,1.70405678516138,5.48858733090108e-05,0.00728810707197993,0.00691699418472284,740,"tags=45%, list=4%, signal=43%","15018/15039/15015/15040/15042/14964/21355/14972/14991/12010"
"GO:0019058","GO:0019058","viral life cycle",228,0.55011154929032,1.57310870398532,7.04009472186705e-05,0.00866112166038926,0.00822009440399376,2785,"tags=37%, list=17%, signal=31%","58185/100038882/20304/57444/231655/71586/236312/102639543/23962/623121/246727/434219/98999/100040462/19106/20128/100033459/75608/226691/244183/545384/20568/246746/69550/246728/246730/23960/66141/26365/15950/330192/78781/80287/76681/217069/319236/17002/73158/13001/20612/16410/20853/12454/213002/217305/78610/66700/71955/69834/235047/75339/73711/67846/13482/214523/12642/218850/16650/18711/110355/229900/67231/14265/94091/20821/84505/19349/18983/21357/30960/226026/11793/58235/18571/109333/234852/68713/67064/19062/18128/13194/230738/20732/23825/56491"
"GO:0050807","GO:0050807","regulation of synapse organization",339,-0.436959601608688,-1.45294083422169,9.39297274047118e-05,0.0112668708021952,0.0106931579145469,1203,"tags=16%, list=7%, signal=15%","210293/239027/13631/19280/19877/16412/12631/217826/29875/16573/52163/72289/21926/15481/77097/66713/83433/16154/18002/26416/22192/14270/269523/17118/18472/11816/17260/140580/65114/80913/11651/233489/22284/15387/216169/19211/22142/18708/72895/11852/19878/228880/11350/17755/18003/16443/217692/226016/170731/70178/99633/57028/16981"
"GO:0002486","GO:0002486","antigen processing and presentation of endogenous peptide antigen via MHC class I via ER pathway, TAP-independent",17,0.883836340193419,1.70292181836359,9.91863645215766e-05,0.0116072238286469,0.0110161800493027,727,"tags=47%, list=4%, signal=45%","15018/15039/15015/15040/15042/14964/14972/14991"
"GO:0050803","GO:0050803","regulation of synapse structure or activity",343,-0.431721651013964,-1.43833071198062,0.000102232826679396,0.0116788833906605,0.0110841906820819,1203,"tags=15%, list=7%, signal=15%","210293/239027/13631/19280/19877/16412/12631/217826/29875/16573/52163/72289/21926/15481/77097/66713/83433/16154/18002/26416/22192/14270/269523/17118/18472/11816/17260/140580/65114/80913/11651/233489/22284/15387/216169/19211/22142/18708/72895/11852/19878/228880/11350/17755/18003/16443/217692/226016/170731/70178/99633/57028/16981"
"GO:0002758","GO:0002758","innate immune response-activating signaling pathway",276,0.525519135835544,1.53127628647663,0.000109039269782809,0.0121667538701842,0.0115472186311,1920,"tags=32%, list=12%, signal=29%","58185/14469/54123/231655/71586/236312/229898/102639543/623121/246727/27007/16145/100040462/19106/20128/100033459/70110/80861/327957/226691/545384/60533/17874/83490/16365/54483/246746/64685/246730/56619/23960/54396/12362/15950/67245/234311/16362/22259/73945/78781/66824/80751/217069/214763/107607/55992/17002/11845/12363/17164/57783/13057/20202/210808/20963/234779/56208/76438/16363/16784/212937/66878/108960/20779/211550/279572/12524/226421/102626/14479/257632/11798/231798/71268/68077/67845/170743/56480/108089/81897/228136/18081/67070/94091/110651/171285/19697/100340/19063"
"GO:0002683","GO:0002683","negative regulation of immune system process",499,0.47394081315721,1.42654296366904,0.000114654345284351,0.0125025351971436,0.0118659018588541,3036,"tags=33%, list=18%, signal=28%","100038882/20555/24110/236312/102639543/623121/246727/12515/20847/27007/14190/16145/100040462/20128/21354/100033459/56045/12703/74748/80861/226691/16854/545384/60533/83490/16365/54483/246746/64685/69550/12772/18795/246730/23960/54396/434341/26365/15040/15950/67245/16362/231712/11815/22259/73945/12505/16160/16835/14268/214763/21355/104418/14191/547253/21803/21825/17002/12928/14204/27220/19016/93694/16952/20375/13383/15170/237782/54607/380916/12571/245126/19271/22350/14991/57916/16784/66878/12768/18712/19172/11433/69769/22160/107321/381305/12524/12514/12509/226421/14479/257632/14102/380732/14127/26904/13709/170741/18103/13482/13011/67845/93695/26987/12608/15284/56715/11692/18102/20852/94091/207521/20821/171285/94212/52023/100340/19063/50754/16190/19401/56792/224860/66220/19255/54354/18015/338366/83924/12519/69754/107829/18983/14775/21357/193385/105855/67742/16859/11793/72349/503610/22084/11622/19264/22724/110168/16396/230738/218460/57781/23825/14728/14130/208154/22761/16852/12798/67027/237256/73205/12261/74841/18038/12229"
"GO:2001212","GO:2001212","regulation of vasculogenesis",16,0.879864207483107,1.67615730747105,0.000120323957958808,0.0128292077841414,0.0121759401667791,1548,"tags=44%, list=9%, signal=40%","22436/26365/16542/76089/20130/74030/109905"
"GO:0099173","GO:0099173","postsynapse organization",272,-0.445896302025237,-1.46678679514664,0.000157446129883451,0.0164223158952348,0.0155860859925815,1246,"tags=16%, list=8%, signal=15%","16337/217333/94190/210293/239027/13631/14272/19280/16412/12631/29875/16001/106504/15481/77097/66713/83433/18002/22192/17118/18472/11816/140580/65114/80913/11651/22284/15387/216169/19211/19878/228880/11350/270163/17755/18003/16443/217692/226016/83945/170731/70178/109711/54725"
"GO:0016338","GO:0016338","calcium-independent cell-cell adhesion via plasma membrane cell-adhesion molecules",17,-0.877530014525332,-1.85901817790387,0.000163028286694646,0.0166427599906577,0.0157953049997993,956,"tags=12%, list=6%, signal=11%","12156/54725"
"GO:0002221","GO:0002221","pattern recognition receptor signaling pathway",267,0.522129987510369,1.51791005844223,0.000179672174755096,0.0179597311348948,0.0170452155261084,1920,"tags=33%, list=12%, signal=30%","58185/14469/54123/231655/71586/236312/229898/102639543/623121/246727/16145/100040462/19106/20128/100033459/70110/80861/327957/226691/545384/60533/17874/83490/16365/54483/246746/64685/246730/56619/23960/54396/12362/15950/67245/234311/16362/22259/73945/78781/66824/80751/217069/214763/107607/55992/17002/11845/12363/17164/57783/13057/20202/210808/20963/234779/56208/76438/16363/16784/212937/66878/108960/20779/211550/279572/12524/226421/102626/14479/257632/11798/231798/71268/68077/67845/170743/56480/108089/81897/228136/18081/67070/94091/110651/171285/19697/100340/19063"
"GO:0002757","GO:0002757","immune response-activating signaling pathway",454,0.477594601748643,1.42609211395836,0.000218519399197131,0.021397062803017,0.0203075170983198,2795,"tags=36%, list=17%, signal=30%","58185/14469/54123/231655/71586/236312/229898/102639543/623121/246727/27007/16145/100040462/19106/20128/100033459/70110/230787/80861/327957/226691/16854/545384/60533/17874/83490/16365/54483/246746/64685/246730/56619/23960/54396/12362/26365/15950/67245/234311/16362/22259/73945/78781/66824/80751/217069/246177/214763/104418/107607/55992/240354/17002/11845/12363/17164/57783/14289/108723/13057/15170/20202/210808/20963/19271/22350/20218/57257/74039/22217/18033/234779/56208/268749/217305/76438/16363/16822/16784/212937/217715/224826/66878/12028/108960/20779/107321/381305/211550/279572/12524/226421/102626/14479/257632/11798/231798/14127/71268/13709/68077/67845/170743/56743/56480/14747/101476/108089/12988/109905/81897/56715/19164/24105/228136/18081/21682/67070/16409/94091/12047/110651/14284/226422/171285/19697/224727/18176/100340/20662/19063/195564/56792/224860/66220/12929/19255/20869/71481/192656/21357/105855/15461/195046/70572/74015/72349/19695/503610/14360/19264/109880/12488/12675/16396/432940/230738/11774/23825/231130/14728/142980"
"GO:0001959","GO:0001959","regulation of cytokine-mediated signaling pathway",142,0.586775895913447,1.59822520156558,0.000232350284847072,0.0222178010818711,0.0210864631052795,2716,"tags=43%, list=16%, signal=36%","100038882/20304/54123/58203/24110/16181/246727/20847/16145/21939/56045/246746/80285/246730/23960/54396/12362/434341/17948/73945/66824/384309/547253/12363/106025/19016/21353/71966/22030/20963/21937/16193/19766/19014/69922/108960/266692/16923/263876/56489/11798/15251/26987/56480/56715/67070/12539/56792/13601/15257/19255/18983/192656/16195/12977/13614/17394/19264/80985/432940/14042"
"GO:0060759","GO:0060759","regulation of response to cytokine stimulus",151,0.579906658806806,1.5911267069192,0.000236162537552194,0.0222178010818711,0.0210864631052795,2716,"tags=42%, list=16%, signal=35%","100038882/20304/54123/71586/58203/24110/16181/246727/20847/16145/21939/56045/246746/80285/246730/23960/54396/12362/434341/17948/73945/66824/384309/547253/12363/106025/19016/21353/71966/22030/20963/21937/16193/19766/19014/69922/108960/266692/16923/263876/56489/11798/15251/26987/56480/56715/67070/12539/56792/13601/15257/19255/18983/192656/16195/12977/23939/13614/17394/19264/80985/432940/14042"
"GO:0042742","GO:0042742","defense response to bacterium",229,0.537325895807846,1.53885769512466,0.000294201689468117,0.0271457635782312,0.025763492077714,1671,"tags=30%, list=10%, signal=27%","100038882/14469/229898/246727/55932/231507/60440/98999/27007/16145/15439/236573/14129/74748/17472/17874/20568/246728/246730/56619/23960/54396/12362/15040/17948/66824/100702/16160/69146/107607/14191/13204/17476/22782/17002/12363/106025/78416/14289/14972/13057/433693/17916/18129/20963/21937/98365/14991/12010/18033/268749/72124/11433/76497/626578/17474/76074/257632/11798/246707/14127/672511/56480/12608/17969/81897/12051/24105/229900"
"GO:0140888","GO:0140888","interferon-mediated signaling pathway",77,0.650230339931178,1.65447056100458,0.000355567913139944,0.0321889593819896,0.0305498866383992,1718,"tags=43%, list=10%, signal=39%","100038882/54123/231655/71586/58203/24110/23962/246727/20847/16145/56045/16452/17874/80285/246728/246730/23960/54396/66141/434341/16362/20846/384309/547253/19016/213002/19014/56489/26987/56480/15980/67070/12539"
"GO:0002753","GO:0002753","cytoplasmic pattern recognition receptor signaling pathway",180,0.551450530596546,1.53890059328999,0.000370877833976003,0.0329531823595715,0.0312751951224208,1828,"tags=34%, list=11%, signal=30%","58185/14469/54123/231655/71586/236312/229898/102639543/623121/246727/16145/100040462/19106/20128/100033459/80861/327957/226691/545384/17874/83490/54483/246730/23960/54396/15950/67245/234311/16362/78781/66824/80751/217069/214763/107607/55992/12363/210808/234779/56208/76438/16363/16784/66878/20779/211550/279572/12524/226421/14479/257632/11798/68077/170743/56480/81897/228136/67070/94091/171285/19697"
"GO:0006953","GO:0006953","acute-phase response",34,0.748471957130384,1.65458384403714,0.000446087982217682,0.0389150934305535,0.0369335236569128,859,"tags=26%, list=5%, signal=25%","20304/16181/11898/15439/12774/14268/19225/20848/16193"
"GO:0141091","GO:0141091","transforming growth factor beta receptor superfamily signaling pathway",300,-0.429209531036462,-1.42157479156282,0.000461597715646467,0.0395490328512812,0.0375351826670416,1077,"tags=14%, list=7%, signal=14%","68010/13207/328572/16419/12156/53378/15516/16969/20482/16971/11491/74048/26401/16476/13430/217351/14281/22284/26417/69710/101706/19303/15446/22057/21815/18550/65112/328365/11350/17126/13132/213262/15182/69260/75788/18607/13653/17125/21416/216190/12393/380664/23886"
"GO:0002697","GO:0002697","regulation of immune effector process",391,0.480126640723946,1.41875457955459,0.000521087256609235,0.0438627483721247,0.0416292423285605,2819,"tags=32%, list=17%, signal=28%","58185/15018/215900/12515/27007/15039/14190/21939/21354/15015/14129/74748/80861/327957/18950/16854/60533/17874/69550/12772/12362/26365/15040/15042/234311/16362/19419/66824/14964/16160/214763/21355/107607/16186/13421/14191/21803/11765/240354/68891/12928/56722/12363/22628/17164/14204/93694/16952/14972/20375/27056/15170/20926/20202/14159/56200/22030/210808/20963/14991/16164/12010/234779/69583/20909/16193/104709/21938/105787/11433/22160/381305/12524/18106/71890/12509/74131/257632/74143/14127/26904/246779/13482/170743/75698/70450/77006/17969/15284/81897/56715/56532/11692/16409/20852/214855/332579/19354/107823/171285/232210/22324/11541/16190/19401/56792/107035/12519/20911/22376/192656/105855/16859/22433/11793/66362/11622/19264/14131/22724/18636/14312/230738/14728/142980/15275/14130"
"GO:0060080","GO:0060080","inhibitory postsynaptic potential",17,-0.852185327425678,-1.80532630041632,0.000543743112476464,0.044980680235553,0.0426902487218364,27,"tags=12%, list=0%, signal=12%","56320/11554"
